Kategorie,Keyword,Relevanz,Hinweis
Beschluss-Typen,Aufstellungsbeschluss,Hoch,Der primäre Suchbegriff
Beschluss-Typen,Einleitungsbeschluss,Hoch,Synonym für Aufstellungsbeschluss
Beschluss-Typen,Satzungsbeschluss,Mittel,Finale Phase des Verfahrens
Beschluss-Typen,Offenlagebeschluss,Mittel,Vor öffentlicher Auslegung
Planungsarten,Bebauungsplan,Hoch,Allgemeiner Begriff
Planungsarten,B-Plan,Hoch,Abkürzung für Bebauungsplan
Planungsarten,Flächennutzungsplan,Mittel,Vorgelagerte Planungsebene
Planungsarten,FNP,Mittel,Abkürzung
Planungsarten,Bauleitplanung,Hoch,Oberbegriff
Planungsarten,Vorhabenbezogener Bebauungsplan,Mittel,Projektbezogen
Sondergebiete,Sondergebiet,Hoch,Kernbegriff für PV-Flächen
Sondergebiete,SO PV,Hoch,Kurzform
Sondergebiete,SO Photovoltaik,Hoch,Ausgeschriebene Variante
Sondergebiete,Sondergebiet Freiflächen-PV,Hoch,Präzise Bezeichnung
Sondergebiete,Sondergebiet Freiflächenphotovoltaik,Hoch,Alternative Schreibweise
Sondergebiete,Sondergebiet Solar,Mittel,Allgemeiner
Paragraphen,§35 BauGB,Hoch,Bauen im Außenbereich
Paragraphen,§2 BauGB,Mittel,Aufstellungsverfahren
Paragraphen,§5 BauGB,Mittel,Flächennutzungsplan
Paragraphen,Außenbereichsfläche,Mittel,Relevante Flächenkategorie
Paragraphen,privilegierte Vorhaben,Mittel,Rechtliche Einordnung
Flächenbezeichnungen,Flurstück,Hoch,Für Geo-Extraktion
Flächenbezeichnungen,Flur,Hoch,Teil der Flurstücknummer
Flächenbezeichnungen,Gemarkung,Hoch,Kataster-Referenz
Flächenbezeichnungen,Ackerland,Mittel,Flächentyp
Flächenbezeichnungen,Grünland,Mittel,Flächentyp
Flächenbezeichnungen,landwirtschaftliche Fläche,Mittel,Allgemein
Technische Begriffe,Freiflächen-Photovoltaik,Hoch,Exakte Bezeichnung
Technische Begriffe,Freiflächenphotovoltaikanlage,Hoch,Alternative
Technische Begriffe,Solarpark,Hoch,Umgangssprachlich
Technische Begriffe,PV-Freiflächenanlage,Hoch,Technisch
Technische Begriffe,Agri-PV,Mittel,Neue Kategorie
Technische Begriffe,Agriphotovoltaik,Mittel,Landwirtschaft + PV
Technische Begriffe,bifaziale Module,Niedrig,Technisches Detail
Verfahrensschritte,Öffentliche Auslegung,Mittel,Verfahrensschritt
Verfahrensschritte,Offenlage,Mittel,Synonym
Verfahrensschritte,Trägerbeteiligung,Mittel,TÖB-Beteiligung
Verfahrensschritte,frühzeitige Beteiligung,Mittel,Nach §3 Abs. 1 BauGB
Verfahrensschritte,Billigungsbeschluss,Mittel,Vor Auslegung
Kriterienkatalog,Standortkonzept,Mittel,Kommunale Planung
Kriterienkatalog,Eignungsflächen,Mittel,Vorstudie der Kommune
Kriterienkatalog,Potenzialflächen,Mittel,Flächenanalyse
Kriterienkatalog,Kriterienkatalog PV,Mittel,Kommunale Richtlinie
Kriterienkatalog,Steuerungskonzept,Mittel,Planerische Vorgabe
Ausschluss,abgelehnt,Ausschluss,Negatives Ergebnis
Ausschluss,zurückgestellt,Ausschluss,Vorhaben pausiert
Ausschluss,vertagt,Ausschluss,Keine Entscheidung
Ausschluss,nicht beschlossen,Ausschluss,Klare Ablehnung
Ausschluss,zurückgezogen,Ausschluss,Antragsteller-Rückzug
